Hospital_Name,Names,Dates,Reviews
유라인의원,kei2023,2025.03.19,"신경 쓰이는 팔뚝, 겨드랑이를 유지 보수했습니다. 안심할 수 있는 상담부터 시작하여 시술 후에도 친절하게 대응해 주었습니다. 팔뚝 컷 주사를 맞은 당일은 붓기가 있었지만, 몇 시간 후에는 없어졌습니다. 지금은, 전보다 팔뚝이 정돈된 느낌이 듭니다! 유지하기 위해 유라인에서 서비스로 받아온 지방분해 크림을 바르면서 관리를 하고 있습니다. 크림은 바른 부위가 따뜻해지고 지방이 연소되는 느낌이 들어 좋아요😆"
유라인의원,과킬,2025.03.18,얼굴에 한 번 붙은 살은... 운동을 해도... 빠지질 않고 괄사로 문질러도 뭐 변하는게 없길래 시술이나 받아보자 해가지고 유라인 브이컷주사 해봤어 ㅎㅎㅎ 원래 친구들이랑 놀러가면 내가 사진사 담당이고 친구들이 찍어준다고 해도 한두장 찍고 마는 스타일이었는데 예뻐지고 나니까 나도 욕심이 나더라 ㅎㅎㅎ 후 사진들이 맛집 투어 했을때랑 겨울 여행갔을때 사진인데 잘 나왔지??ㅎㅎ진짜 대만족함..추천 박음!
유라인의원,sakuriii,2025.03.18,"미용 강국인 한국에 갈 기회가 생겨 강남언니 앱을 통해 유라인 클리닉을 예약했습니다. 언제 다시 올 수 있을지 모르기 때문에 몇가지 고민을 전해드리고, 제 얼굴에 맞는 핸드피스를 선택해 받기로 했습니다._+ 선생님도 상냥하게 말을 걸어 주었기 때문에 긴장하지 않고 받을 수 있었습니다. 튠앤컷 시술 후 3시간 정도 붓기는 있어 원래 모습으로 돌아왔습니다. 리프트업 된 얼굴을 다시 볼 수 있어서 기쁘고 자연스럽게 턱선이 생기면서 좋아요><"
유라인의원,설레벌레,2025.03.18,팔뚝컷주사로 부유방 다 썰어버림 여름 훅 다가올거 같은데 날씬해지니깐 기분이 매일같이 좋으네 작았던 옷 입어봤을때랑 비포애프터 사진 비교해보면 얇아진게 확실하게 느껴지더라고 ㅋㅋ 군살 빠지는게 예술임 이건 맞아바야 알아ㅋㅋ^^
유라인의원,마두필1,2025.03.18,종아리보톡스 자주 맞았는데 효과 진짜 못봤거든 ㅠㅠ 근데 유라인 종아리컷주사는 효과 확실함 그냥 일반 싼마이 지분주랑 다른게 다리근육 적당히 빼줌서 지방 빼주니깐 다리라인이 그 전이랑 몰라보게 달라짐...쏘 만족 ㅠㅠ
유라인의원,문쮜깅,2025.03.18,유라인 팔뚝컷주사 맞고 뼈팔 만들기 성겅ㅎㅅㅎ 곧 여름인데 완전 럭키비키쟈낭
유라인의원,니눈빛만,2025.03.18,"허벅지살 터질거같은거 진짜 꼴보기 싫었는데 유라인에서 허벅지지방분해주사 맞고 다리라인 완전 예쁘게 뽑았어용 ㅎㅎ 바디담당 원장님 친절하게 봐주시고 감사해용 ㅜ!! 이제 짧은치마, 원피스도 잘입고 다닐수 있을거같네용"
유라인의원,조아요백개,2025.03.18,넙데데해보이는 얼굴에 무턱까지 품고있어서 얼굴형 콤플렉스가 심했어요 인모드리프팅 여러번 해봤지만 큰 효과 못봤구요 그러던중 인스타에서 우연히 브이컷주사 알게됐고 광대랑 불독살 정리 확실하게 됐어요 그동안 저한테 없던 턱선까지 찾았네요 왜 유라인이 컷주사 원조인지 제대로 느꼈습니다 모든지 근본이 최고..
유라인의원,주훈얌,2025.03.18,복어마냥 튀어나온 심부볼 진짜 지흡으로 다 뽑아버릴까 생각하다가도 부작용 두렵고 선뜻 용기가 안나서 안전하고 후기 좋은 브이컷주사로 맞았어요 만족합니다아-!
유라인의원,레드크리밍,2025.03.18,젤 고민이였던 이중턱살 ㅠㅠㅋㅋㅋㅋ 유라인 브이컷주사로 해결 완! 효과 진짜 좋다
유라인의원,배곱퓡,2025.03.18,나이들어서 볼패임 생기니까 얼굴형이 너무 보기가 싫더라고 주변에서 유라인 추천 많이해줘서 얼굴라인 정리할겸 브이컷주사 맞아봤는데 굴곡심했던게 많이 매끈해져땅!! 참고로 나는 심부볼 광대 2부위 했는데 얼굴도 훨 작아보영!!
유라인의원,손연두123,2025.03.18,팔뚝살 빼는거 너무 어렵던데 빠지는게 눈에 잘 보이지도 않궁.. 진짜 다이어트하면서 팔뚝때문에 스트레스 받았었는데 진작에 시술이라도 받아볼걸 그랬어요! 괜히 오기부려서 혼자 빼보겠다고 아등바등 ㅜ왜그랬는지 시술받는게 나쁜것도 아니고 성분 순한거로 받아서 부작용도 없고 회복기가 따로 필요한게 아니니까 일상에 지장도 없었어요! 팔라인 딱 이쁘고 마음에 들어요 헝헝 괜히 셀럽분들이나 연예인들이 다니는게 아닌가봐요 저도 지갑사정만 괜찮다면 전신 관리 받고싶어요 힁 ㅜ 아무튼 결과는 매우 만족스럽습니다 컷주사 더 흥했으면!
유라인의원,서24걸,2025.03.18,"사각턱보톡스 맞아도 효과 없는건 윤곽수술 해야되는 건가? 하던 찰나에 카페에서 제 얼굴형이랑 거의 똑같은 분이 유라인클리닉에서 윤곽주사 시술받은거 보고 냅다 예약하게 되.. 조금 써치도 해봤는데 브이컷주사 유명해보였는데 평이 괜찮더라고여?!! 전체적인 얼굴라인이 고민된다면 광대+이중턱+심부볼 풀조합 개강추함당!! !!!! ㄹㅇ 얼굴여백 줄어든거 라인 예뻐진거 완전 느끼고 있슴,,,,(●ˇ∀ˇ●)) 이미지도 여리여리해보이져?꺄"
유라인의원,김김주주김,2025.03.18,바빠서 홈케어도 제대로 못했더니 겨울내내 처지고 얼굴 칙칙함이 느껴져서 유라인 튠앤컷 받고옴 여태 받아봤던 써마지 인모드리프팅 올리지오 등등 통틀어 갠적으로 튠앤컷 젤 좋아요 ㅋㅋㅋ가격이 쪼꼼 쎄긴한데 피부적금 생각한다 치고 투자해보세요^^
유라인의원,깡민수,2025.03.18,웨딩관리로 티타늄컷주사 많이 언급되길래 드릉드릉하다가 유라인 상담걸고 다녀왔어용~~ 확실히 이런 고가시술은 좀 더 품들이더라도 전문병원 가는게 좋대서 병원 선택한건데 기대가 되네용 특히 얼굴살 많은편이라 티타늄리프팅만 받으면 돈 들이고도 큰 효과 못볼 수 있다는데 브이컷주사가 유명하기도 하고 예신님들이 많이 추천해주셔서 믿고 받아보려구용 따로 마취하는거 없는데 쫄보여도 받기 충분하니 걱정은 노노해용
유라인의원,머ㄱㅏ동,2025.03.18,리프팅 따로 윤곽주 따로 병원 갈 필요 없이 티타늄 컷주사 조합ㅊㅊ 탄력관리 얼굴형 관리에 제일 깔끔하고 효과 좋은듯~ 글고 항상 갈때마다 느끼는건데 페이스담당원장님 주사 진짜 안아프게 놔주시는게 신기ㅎ
유라인의원,ppplll,2025.03.18,"옆모습을 사진으로 찍으면 얼굴의 처짐이 꽤 보이는 것이 스트레스였습니다. V컷 주사 이벤트를 신청하고 갔습니다만, 튠 페이스의 설명도 듣고 싶어서 물어 본 결과 친절하게 가르쳐 주었습니다. 의사소통에 대한 걱정이 있었지만 매우 원활하게 대화할 수 있었습니다. 튠 페이스 리프팅까지 추가하여 버컬패트 주변을 집중적으로 치료하여 마무리하였습니다. 골든 위크에 튠 앤 컷을 다시 받으면 좋을 것 같다고 생각하고 있습니다."
유라인의원,紫苑シオン,2025.03.18,"지방 용해 주사를 맞은 후 허벅지 안쪽과 다리 밑 부분의 살이 날씬해졌습니다. 유라인의 직원도 선생님도 매우 정중하고, 알기 쉽게 진찰을 실시해 주셨기 때문에 안심할 수 있는 클리닉이라고 생각했습니다. 앞으로 허벅지 컷 주사를 몇 번 더 맞아 보려고 합니다."
유라인의원,반짝임ㅇ,2025.03.18,나는 거의 여름 말고 조금 더 빨리 휴가가는 편인데 이번에는 푸꾸옥 갈거라 미리 다이어트 시쟉ㅎ_ㅎ 허벅지컷주사 엉밑살까지 조지는중~ 졸라이쁜 비키니 입을거야
유라인의원,세로밀,2025.03.18,하체비만 그 잡채라 종아리 어떻게 좀 해보려고 발품 진짜 많이 팔았어...; 유라인이 전문성이나 미국특허도 있고 평판도 좋고해서 제일 끌렸고 종아리컷주사 3주간격으로 해봤는데 눈에 띄게 라인 달라져서 너무 행복해 ㅜ 다음에 기회되면 허벅지 아님 뱃살도 지분주 맞아보려고
유라인의원,다른사람과,2025.03.18,널널한 상의만 입고 다니다가 올해는 몸에 붙는 옷들도 좀 입고 다니고 싶어서 복부컷주사 예약했어ㅠㅠ 뱃살만 빠져도 허리라인 훨씬 늘씬해보일거 같아서 기대하고 있는 중야ㅠㅠ
유라인의원,떠나스텐리,2025.03.18,공장병원에서 싸구려 여러번 맞는거보다 비싸더라도 효과 확실한 곳이 낫겠지 싶어 유라인 선택!
유라인의원,너를날아,2025.03.18,먹었다하면 살이 다 팔로 가는 사람? 유라인 팔뚝컷주사 추천합니다👍 이번여름에는 민소매도 짧은 소매 반팔도 쌉가능ㅎㅎ
유라인의원,리를컴트루,2025.03.18,"달랑달랑 흔들리는 팔뚝살,,ㅎ 고민하다 결국 팔뚝컷주사 예약했다,, 나도 이제 좀 여리여리st 여자 되어보자,,"
유라인의원,어휴장하다,2025.03.18,식장 잡아놓으니까 드레스 핏이 걱정 되서 뭘 해야되나 찾아보다가 언니들이 얼굴도 중요한데 팔이 은근 더 중요하다고 해서 팔뚝컷주사 맞아봐써>< 멍 크게 안 들고 붓기도 금방 빠져서 관리용으로 조타잉
유라인의원,yoyaya,2025.03.18,"지방 흡인과 고민하고, 지방 용해 주사가 더 안전하다고 생각했기 때문에 갔습니다. 받고 나서 2일 후에는 일하러 가지 않으면 안 되기 때문에 걱정이었지만, 문제 없었습니다. 팔뚝 컷 주사와 튠 바디 리프팅을 받은 당일부터 활동에 제한은 없었습니다. 근육 운동 같은 큰 움직임만 조심했어요. 최종적으로 수술 대신 튠 앤 컷을 선택해서 정말 다행입니다. 효과도 나타났고, 몸에 부담도 없어요!!"
유라인의원,hitomiya,2025.03.18,"긴장한 것도 잠시, 편안한 분위기에 안심하고 상담과 시술을 받은 후 티타늄 리프팅과 V컷 주사를 맞았습니다. 티타늄 컷 주사는 마취가 필요 없는 시술입니다. 리프팅을 받을 때 약간의 온도만 느낄 수 있었고, V컷 주사는 바늘이 들어가는 느낌도 없을 정도였습니다. 예전보다 볼이 줄어들고 탄력도 좋아진 것 같아요."
유라인의원,소로롱타,2025.03.17,약을 한 번 잘못 먹고 나서 얼굴에 살이 확 오르고 기분탓인지 탄력도 많이 죽은거 같아서 시술 알아보다가 친구추천받고 유라인 티타늄컷주사 해씀ㅎㅎ성격 급해서 리프팅 효과 바로 보이는 시술이 필요했는데 친구들도 알아봐줘서 너무 조아씀ㅎㅎ 나처럼 얼굴라인 살리면서 탄력 챙기고 싶은 사람은 꼭 티타늄컷주사 해봐봐 ㅎㅎㅎ진짜 완전 추추추추!!!!!
유라인의원,뇽뇽뇽밍,2024.11.24,유라인에서 브이컷주사 맞아봤어용 다 맞구 나니까 턱 라인이 달라졌네여 얼굴도 작아보이고 인상도 부드러워진 것 같아여ㄷㄷ
유라인의원,양거니,2025.03.17,팔뚝살때문에 어깨랑 승모근라인이 더 둥글어보이고 그냥 상체 몸선이 안예뻐 보였는데 팔뚝컷주사로 부유방이랑 등살까지 뿌수고 라인 매끈하게 만들었다.. 본식 다가올수록 마음 초조해지면서 괜히 자신감 떨어지고 우울했는데 확실히 관리받고 나서 직각어깨 된거 미쳤구 너무 속시원...... 긴말필요없고 전후사진 차이 보세요 예신님들 결혼식 하기 전에 다이어트 포기하지 말고 유라인클리닉 상담이라도 꼭 가보시길 추천드려요!!
유라인의원,영어못해,2025.03.17,여행갈거라 나시입어야되서 팔뚝컷주사 조짐 팔라인 어색해보이지 않고 자연스럽게 다듬어져서 댕만족~!! 여름전에 다이어트해놔서 넘나 뿌듯허네
유라인의원,나이쓰센스,2025.03.17,바프땜에 빡세게 운동했는데 그래도 안빠진 군살들은 유라인에서 복부컷주사로 다 없애버렸음 군살빼기에 괜춘하네 ㅋㅋㅋ이거 안했으면 만족 안됐을거 같기도ㅜ
유라인의원,다정정다감,2025.03.17,나 마른체형인데 팔뚝에만 살이 몰려서 고민이였거든ㅠㅠ 운동하면 왠지 근육이 붙는거 같고 우람해보이는게 기분탓인지 암튼 별로 유라인에서 팔뚝컷주사 맞았는데 전후차이 대박 팔뚝 얇아지니까 여리여리한 체형 됐어 이제야 밸런스가 맞는거 같당ㅠㅠ
유라인의원,몰루몰라몰룰루룰,2025.03.17,"종아리컷주사 맞고 드디어 무다리 탈출!! 손품 팔때 유라인 후기보니까 종아리보톡스 몇번 받을거면 차라리 유라인 컷주사 맞으라고 하던데 그 이유를 알겠네,,, 기대 이상이라 넘 조타ㅏㅏ 다리근육 살 부종 등등 복합적으로 문제있는 다리 지짜 추천함ㅋㅋㅋ"
유라인의원,해수폭팔,2025.03.17,"맨날 보는 인스스 모델 언니 허벅지 진짜 얇아서 관리 어케 하는지 물어보니까 유라인에서 허벅지컷주사 맞는다구 하더라? 궁금해서 나도 바로 따라맞아봤는데 붙어있던 허벅지 드디어 떨어졌음 살찌고나서 청바지는 꿈도 못꿨는데 올만에 입으니까 기분 놈 좋더랑,,"
유라인의원,サッ・ポ,2025.03.17,"공복 상태로 왔다고 전했는데, 유라인 직원분이 두유를 주셔서 마시고 나서 시술을 받았습니다. 일회용 가운으로 갈아입고 시술실로 이동하여 팔뚝 커트 주사를 맞았습니다. 마취를 하지 않았습니다만, 통증은 적었습니다. 겨드랑이 부위는 가슴 근처이기 때문에 부끄럽다고 생각했습니다만 다행히 혼자서 사용할 수 있는 공간이어서 편하게 받을 수 있었습니다. 일상생활에도 지장이 없고, 작은 멍도 이곳에서 받은 멍크림으로 관리했습니다. 이번 시술로 제대로 효과를 느끼셨기 때문에 반복해서 받고 싶습니다❤️❤️"
유라인의원,정동석파밍,2025.03.17,심부볼때매 나이들어보이는거 진심 개스트레스 였는데 브이컷주사로 해결봄 덕지덕지 붙어있는 미운살 고민하지 말고 브이컷주사 하세요 가격은 비싸도 그만한 값어치가 있네요
유라인의원,이름성이름,2025.03.17,난 내가 아직도 젖살이 안빠진건줄 알았는데 볼살이였음 ㅋ 얼굴만 둥둥 떠다니는 느낌 자꾸 들어서 브이컷주사 시술 받았는데 효과 대박이당 ㅠㅠ 흉도 안남고 붓기도 몇시간만 지나면 다 빠지니깐 일상생활 하는데 지장 없어서 편함 왜 컷주사 원조인지 너무 잘 알겠음
유라인의원,찌혁4443,2025.03.17,투턱 심각하고 턱살때문에 목도 짧아보이는거;; 지금 안잡으면 나중에는 절대 해결 안될거 같아서 카페랑 어플 손발품 팔아서 브이컷주사 받았어요
유라인의원,아쥬나이쑹,2025.03.17,"얼지흡은 진짜 아닌거같고 유라인 브이컷주사 유명하길래 맞아봤는데 하길 너무 잘했다. 효과 제대로 봤음 얼굴라인이 확실히 예뻐져서 이렇게 자연스럽게 갸름하게 만들어줄 수 있다고? 싶었음 확실히 볼록하게 튀어나와있는 군살들 정리되면서 라인이 만들어지다보니 진짜 자연스럽게 빠지는 것 같틈,, ㄹㅇ 얼지흡할 여건안되고 무섭다싶으면 유라인 얼굴지방분해주사 하는거 나쁘지 않을듯"
유라인의원,뼌사또,2025.03.17,나도 인스스언니들처럼 브이컷주사 해보고싶었는데 엄마가 슴살 생일선물겸 결제해줌 ㅋㅋㅋ 점점 얼굴이 갸름해지고 있는거 같아서 요즘 기분 완전 싹싹김치
유라인의원,신주큐,2025.03.17,유라인클리닉 튠앤컷 찐후기 솔직히 시술 받기전까지는 와닿을만큼 개선이 필요하다고는 생각 못했었고 미리 관리해줘야 좋다고 하고 주변에서도 자꾸 유라인 좋다고 하니까 궁금해서 시작해봤어여! 근데 받고나서 비포 애프터 사진으로 보니 효과가 확 느껴지네요 너무 신기해여.. 화장으로는 절대 커버 안되던 팔자주름이랑 입가 옆으로 축 쳐진 심부볼..ㅋㅋㅠ 이게 브이컷주사랑 같이 받아서 얼굴살 잡아주고 탄력받아서 그런가바여..!! 연말 성과금 나왔던 거로 없는셈 치고 투자해본건데 완죤 만족스러버여 별생각 없이 받았다가 홀리고 갑니당..
유라인의원,의환생,2025.03.17,탄력관리만 해줘도 나이가 어려보여요^^ 30대초반인데 자꾸 중반처럼 보이고 신경쓰이는게 한두가지가 아니었거든요. 유라인클리닉에서 튠앤컷 받고 3주정도 지나니 정말 콜라겐생성이 되는건지 피부가 탱탱해져가는게 느껴졌어요 저는 앞으로 꾸준히 받아보려고 합니다. 탄력관리 얼굴형관리 필요하신 분들께 추천해요
유라인의원,장수짱쑤,2025.03.17,"정말 많은 리프팅, 피부관리 받아봤는데 유라인 티타늄컷주사 탑오브탑이용.. 늘어지고 처진 피부 즉각적으로 쫙 올라붙고 땅콩같던 얼굴라인이 매끈하게 변했어용 턱밑살까지 정리 확실하게 됐네용"
유라인의원,ayayyy,2025.03.17,"플랜을 같이 생각해주고 조언해줬어요. 원내도 너무 깔끔하고 시술을 해주시는 선생님도 친절하게 대해주셨습니다. 시술 전에 인바디 수치를 통해 몸을 체크하고 원장 선생님도 체형을 보면서 디자인을 해주셨습니다. 챙겨주면서 시술해준 걸 느낄 수 있었어요. 상담이나 체크를 확실히 해 주었기 때문에, 튠 앤 컷의 결과도 확실히 나왔다고 생각합니다."
유라인의원,mnbvvvv,2025.03.17,"통증은 특별하지 않았어요. 이것을 통해서 피부의 탄력이 회복된 것 같은 느낌이 듭니다. 이번 티타늄 컷 주사는 뺨 부위에 주사를 맞았는데, 다음은 턱 밑에 맞으려고 합니다. 4월이나 5월 초에 방문할 예정을 세우고 있습니다."
유라인의원,에이피부,2025.03.17,"종아리는 운동해도 마사지를 해봐도 안 빠지길래 뭘 해야하나 싶었는데😂 종아리컷주사가 답이었,, 나으 워너비엿던 일자다리,, 이제 구두신어도 다리가 이뻐보여 흐규ㅠㅠㅠㅠㅠ"
유라인의원,이제야아아아,2025.03.17,이번달에 나트랑여행가는데 겨울동안 넘뚱땡이 되가지고 최근까지 유라인다니면서 허벅지컷주사 맞고 빡씨게 다이어트했더니 살찌기 전보다 더 날씬해딤 ㅎ힣
유라인의원,쪼렙힝,2025.03.17,원래 헙거지 둘이 딱 붙어서 안 떨어지더니 허벅지컷주사 맞으니까 바로 떨어지넼ㅋㅋㅋㅋ 운동으로도 거의 안빠졌던 수준인데 싱기방기
유라인의원,풀더스카이,2025.03.17,배에만 살이 몰빵돼서 복부지흡도 고민해봤지만 회복기간때문에 포기했으.. 부작용이나 통증이 무섭기도 했고 ㅠㅠ 그래서 예전부터 궁금했던 유라인 지방분해주사로 받았어 예상외로 효과가 더 괜찮은거 같애서 팔지분주도 고민중이야
유라인의원,무빙푸,2025.03.17,여성스러운 옷 좋아하는데 몸은 건장청년 저리가라여서 팔뚝컷주사로 라인 바꿔버렸쭁ㅎ 이제 추구미대로 예쁘게 꾸미고 다녀야징!!이번 여름에는 민소매 뿌신당
유라인의원,댄스파,2025.03.17,사진 보여주는건 쪼매 부끄럽꼬... 팔뚝컷주사 맞고 뽀샵 다 때려쳤다는 것만 알아주라...
유라인의원,웨림웨르,2025.03.17,지분주 성공 후기 써본다 여기저기서 효과를 못봐서 이게 아닌가보다 싶던 찰나에 유라인 팔뚝컷주사는 효과 개잘봄;; 스테로이드 없다 그래서 긴가민가 했는데 성분 순한게 부작용도 없고 좋네 ㅋㅋ비싼값을 하는 너낌
유라인의원,sindd,2025.03.17,"이중 턱과 광대뼈가 상당히 많이 나와 있기 때문에 윤곽 수술을 받으려고 생각했습니다. 주변 사람들의 정보를 들으면 위험하고 실패하면 큰일난다고 해서 수술은 포기했습니다. 보기 싫은 이중턱과 광대뼈를 어떻게 개선하면 좋을까 직접 병원을 찾아 유라인을 예약했습니다. 상담을 받으면서 광대뼈, 이중턱이 개선됐으면 하는 마음에 몇 가지 질문을 했는데 천천히 질문에 답해주셔서 기뻤습니다. 얼굴시술은 처음이라 긴장도 많이 되고 피부가 예민한 편이라 걱정도 많이 했는데 성분도 착한것 같았고 원장님께서 직접 꼼꼼히 해주셔서 너무 편하게 받아보았습니다!! 전체적인 라인을 개선하고 싶다면 V컷 주사+티타늄 리프팅을 받는 것을 추천합니다! 티타늄 커트주사로 얼굴개선을 쉽게 할 수 있다는 걸 느꼈습니다💯"
유라인의원,escccc,2025.03.17,우선 병원에 도착해서 이름을 전하고 나서 조금 기다렸습니다. 그리고 나서 상담을 받았습니다. 궁금하신 부분을 확인하며 상담을 받은 후 시술실이 있는 층으로 내려가니 닥터의 조언도 들을 수 있었습니다. 상태를 찾아 시술을 해주어서 기뻤어요. 저는 이중 턱이 가장 골칫거리였기 때문에 턱 아래를 중심으로 부탁을 했습니다. 효과를 실감할 수 있을 정도의 변화가 있었습니다. 유지보수 항목에 유라인 튠앤컷을 추가했습니다^^
유라인의원,고름고룽,2025.03.16,광대랑 심부볼쪽에 살이 그득그득하긴 한가봐요 제 몸보다 더 뚱뚱해보이고 얼굴라인도 울퉁불퉁 안 이뻐서 윤곽주사 찾아봤어요!! 곧 여름이니까 얼굴살도 미리미리 빼야 되잖아요 ㅋㅋㅋ 갸름한 얼굴 갖고싶어서 후기 진짜 많이 봤는데 유라인이 제일 좋아보이길래 상담 갔다가 결제까지 원스탑으로 하고 드디어 시술 끝냈네요ㅋㅋㅋ 주기 지키면서 꾸준히 받았더니 확 예뻐져서 넘넘 만족해요!!! 그리고 사실 아플줄 알았는데 괜찮았어서 더 추천하고싶어요!
유라인의원,jjjjooo_,2025.03.16,1회차 - 대기 시간은 20분 이내로 괜찮았지만 효과가 미비함. (볼패임 안 생기게 해달라고 말씀드렸더니 볼패임은 생길 수도 있다고 하심.) 2회차 - 대기가 싫어서 일찍 갔는데도 불구하고 1시간 이상 대기함. 겨우 시술실 들어갔는데 이번엔 전 시술자 분께서 원장님께 물어볼게 있어 봐야한다고 하셔서 대기 하셔야 되겠다고 하시길래 이미 1시간 이상 기다렸다고 말씀드렸더니 그제야 조금 뒤에 원장님 들어오심. 예약 시간보다 1시간 이상 뒤에 시술 받게 되는 거면 예약은 애초에 왜 하죠? 그리고 대기 시간 어느정도 더 발생하는지 안내도 못 받고 하염없이 기다리다가 여쭤보니 앞에 시술이 길어졌다는 말뿐이고 참. 이렇게 후기 남기기는 처음이네요. 그리고 담당실장님께서는 효과와 유지기간 좋게 말씀해주셨는데 효과도 미비하고 유지기간도 티타늄이라 그런지 너무 짧네요. 효과 있으면 추가 시술 하려 했지만 대기도 굉장히 비효율적이고. 효과도 크게 못 느껴 재시술은 안하게 됐네요.
유라인의원,감가밤,2025.03.15,생각한 가격보다 더 시술을 권유해 150만원가량 추가 결재했습니다 효과는 별로 없었던것 같아요 인스타에 유명인들도 많이 맞는다고해서 갔는데 반영구는 아니네요 분명히 지방제거로 얼굴살이 좀 줄어든다했는데 가격대비 효과는 미비해서 비추천이요ㅠ
유라인의원,unniLX0tb1,2025.03.15,워낙 평이 좋아서 받아봤어요.. 기대중
유라인의원,AG_ayako,2025.03.14,"주말이었기 때문에 대합실은 꽤 붐볐습니다. 30분 정도 기다렸는데 그 정도가 평균 이미지입니다. 상담은 닥터가 아니라 상담사입니다. 이벤트 가격이면 효과가 희박하다고 업그레이드를 권장해요. 나는 예산을 정했기 때문에 행사 가격으로 진행했는데, 그러면 상당히 아쉬운 표정을 짓습니다. 효과에 관해서는 지방 용해 주사를 했기 때문에 나름대로 있다고 생각합니다. 당일은 엄청나게 붓습니다만(두 번째 사진이 직후의 사진입니다), 다음날에는 깜짝 놀랄 정도로 샤프해졌습니다. 정기적으로 받으면 효과는 꽤 있을 거예요. 또 지방 용해 주사는 다른 클리닉에서도 여러 번 했는데 매번 답답함을 느끼고 있어서 부작용이 생기고 말았는데 여기는 전혀 답답함도 없고 부작용은 나오지 않았어요. 조금 비싸기 때문에 계속할 수 없지만, 조금 더 저렴해지면 다니고 싶습니다. 또 한국에 거주하시는 분들이 많았기 때문에 현지에서 인기 있는 클리닉이라고 생각합니다. 방도 개인실로 공장 타입의 클리닉과는 다르기 때문에 가격에 크게 신경쓰지 않고 질을 원하는 분들께는 추천하는 클리닉입니다."
유라인의원,가즈아서울,2025.01.21,퇴근하고 야진할수 있는 곳으로 찾았보다가 유라인 발견~! 후기도 너무 좋고 야간진료도 있어서 마음에 쏙! 들었어요 ㅎㅎ 브이컷주사 효과도 너무 좋아서 회사 동기들도 저 따라 예약했네요~~힣
유라인의원,사람이름이어떠케,2025.03.14,개취로 너무 뾰족뾰족 라인은 ㅂㄹ고 자연스럽게 떨어지는 얼굴형이 좋은데 원장님이 니즈파악 지대루 해주심 웬만한 미니얼지흡 보다 브이컷주사 강추함
유라인의원,氷菓子.,2025.03.14,"여러 피부과에 가서 직접 유지 보수를 받아도 소용이 없었는데, 이번에는 실감하고 있습니다! 이중 턱도 그렇지만 얼굴이 처지기 시작했기 때문에 관리가 어려웠습니다. 여러 리프트업 시술 중 민감한 제 피부에는 유라인의 튠앤컷이 가장 잘 맞을 것 같았습니다. 사적인 공간에서 페이스 담당 원장 선생님께서 상담을 진행하면서 얼굴을 봐주셨는데 전담 케어를 받은 느낌이 들어서 기뻤습니다. 핸드피스가 다양하다보니 컨디션에 맞게 가주어서 부작용 사고 없이 잘 마무리 되었습니다👍"
유라인의원,ㅂㅁㄴㅅㅎ,2025.03.14,땅콩형에 가까웠던 얼굴형이 브이컷주사 맞고 완죤깔끔매끈해져써용 :D ! 잠시 광대축소수술도 고민했었는데 딱 지금상태가 만족스럽고 더이상 손댈 필요 없어보여서 유라인 선택하길 잘한 것 같아용
유라인의원,sadaggg,2025.03.14,얼굴여백 넘 심해서 맨날 쉐딩 엄청 치고 얼굴측면을 거의 머리카락으로 가리고 다녔는데 유라인에서 얼굴지방분해주사 관리받은뒤로는 그럴 필요X 대대대대만족!!!!
유라인의원,닭이먼저임,2025.03.14,웃으면 볼살 텨나오는거 심각쓰라; 브이컷주사 하고 지금은 얼굴 갸름해보이는데 라인도 인위적인 느낌없이 매끈하게 정리돼서 넘모 좋으네ㅠㅠ뿌듯
유라인의원,40대도전!~!,2025.03.14,올 여름엔 비키니 도전할거라 다이어트 진짜 열심히 했는데 뱃살은 어쩔ㅋㅌ 복부컷주사로 남은 군살 싹 정리했고 살쳐짐없이 허리라인 진짜 예쁘게 빠짐 귯
유라인의원,임연수마시성,2025.03.14,종아리컷주사 맞고 1자 다리 만들었어용 종아리보톡스 알아보시는 분들 유라인 궈궈궈
유라인의원,히호무리,2025.03.14,주식 성공해서 번 돈 다 지분주에 쓰는 여자 어때ㅎ 이번에는 허벅지컷주사로 늘씬한 다리 만들기 성공했다😎
유라인의원,미미미미2주,2025.03.14,팔뚝컷주사 맞고 싶어서 전주에서 왔다리갔다리한 보람이 있네요^^ 기대한 만큼 효과도 너무 좋은거같아요. 팔뚝 두께도 얇아졌고 옷 핏도 확실히 달라졌어요. 사실 서울 6번 가는게 귀찮을때도 있고 번거로웠는데 결과물 보니까 기분은 넘 좋네요~
유라인의원,라이너옹,2025.03.14,"유라인에서 허벅지컷주사 맞고나서 와이드팬츠 쳐다보지도 않음ㅋㅋㅋㅋ 입고싶은 옷 고민없이 입을 수 있는게 ㄹㅇ 행복한거구나ㅋㅋㅋㅋ,,,청바지 입는게 좋아졌음"
유라인의원,숮이조아,2025.03.14,팔뚝살 부자들 다들 유라인 팔뚝컷주사 ㄱㄱ 내가 해본 다이어트 시술 중 젤 효과 좋고 만족도 높음 드디어 나도 개말라 팔뚝 만들었다
유라인의원,ㅇㅇ아뉨,2025.03.14,다리라인이 이뻐지고싶어서 허벅지컷주사 엉밑까지 싹다 맞고옴 허벅지사이 붙어서 쓸리는것도 삶의질 떨어지고ㅠ 운동복입을때 엉밑살 접히는게 보기 숭하기도했고 엉덩이가 더 처져보여서 맞은건데 엉밑까지 조진게 신의한수였듬 왜 인스스들이 유라인 많이 댕기는지 알겠넵 ㅋ
유라인의원,린이오1,2025.03.14,얼굴탄력은 진짜 항상 고민되는 것 같아요ㅋㅋ.. 30대들어서고 더더욱이요.. 제 기준 고가시술이긴 하지만 이왕 하는거 효과 잘 보고싶어서 튠앤컷 받았습니당 받은지 2주 지났는데 일단 전보다 메컵이 훨씬 잘먹어서 놀랐고 피부가 쫀득쫜쫜해졌어영 자주는 못받아도 얼굴형 탄력관리는 유라인으로 정착하려구용
유라인의원,신뚜빙,2025.03.14,후훔ㅠ.. 사진찍고 보면 심부볼 살짝 처져서 그늘지고 주름이 깊은느낌 이게 한번 보이니까 계속 신경쓰이구 이것때메 못생겨보이구ㅡㅡ암튼 얼태기 직빵으로 오던데여 그래서 며칠내내 강남언니 후기 뒤적거리고 포스팅 찾아보고 그랬던거 같아여ㅠㅠㅠㅠ 근데도 병원이 너~~~무 많아서 찾아보는데 더 헷갈리고 선택하기 어려웠지만 그중에 티타늄 컷주사 평이 제일 괜찮았고 얼굴전담 원장님이 열감지 카메라 사용해서 시술해준다는거 보고 바로 픽.. 왜냐면 다른병원 후기보면 티타늄리프팅 수면마취로 하고 화상입었다는 안좋은얘기도 간간히 있더라구여 ㅜ 결과적으로는 티타늄컷주사 쪼금 비싼편이긴 했지만 효과면에서는 매우 만족! 또받으러 갈게여ㅑ~~
유라인의원,장장효니지,2025.03.14,"인모드리프팅, 울쎄라, 경락, 스킨보톡스 등등등 여러가지 시술들을 받아봐찌만 티타늄컷주사 최고여요S2 효과도 바로 나오고 중요한일 있을때 딱이어요"
유라인의원,노랑풀토끼,2025.03.14,바디 전담 원장님이 해주셔서 그런가 별로 아프지도 않고 멍도 거의 없었어요 이제 옷도 짧아질텐데 팔뚝이랑 종아리에도 해보고싶네요 지방분해주사는 유라인ㅊㅊ!!
유라인의원,골든룸,2025.03.14,항상 눈팅만 하다가 큰 맘 먹고 복부컷주사 맞았어영ㅎ술배가 빠지긴 하네요 싱기.......
유라인의원,데이부,2025.03.14,몸에서 팔뚝에 살이 제일 많은 편이라 지분주 하려고 알아보다가 바디 원장님 따로 있는 유라인에서 시술 받았어용! 효과는 처음부터 나오는게 아니라 서서히 나왔던거 같아용 회사다니면서 맞아도 될 정도로 일상생활에 1도 지장없슴다!
유라인의원,선샤인뎃,2025.03.14,웨촬전에 팔뚝컷주사로 등살 부유방 팔뚝살 싹다 조져벌임 이거 안했으면 돼지로 나올뻔 ㅠ
유라인의원,프라이그넌스,2025.03.14,체격이 그닥 크진 않지만 팔뚝살이...ㅎ;; 유라인이 지방분해주사 유명하길래 상담 먼저 해보고 고민하다가 1회차 받고 왔어요 보니까 주변에 지인들도 여기 다녀봤다는 사람이 꽤 많더라고여 저도 효과 잘나오길 기대중이에요ㅜㅜ 여름전에 꼭 다이어트 성공하길
유라인의원,초록색우물,2025.03.14,팔지흡을 잘못했는지 울퉁불퉁해져버려서 팔뚝컷주사 맞았어ㅠㅜㅠ 이제야 라인 정리 되서 팔 드러내고 다닐 수 있을 거 같아ㅠㅜ
유라인의원,夢の中の世界,2025.03.14,"몸은 그렇게 뚱뚱하지 않지만 배만 뚱뚱한 게 고민이었어요. 유라인을 방문하기 전에도 방문한 후에도 매우 정중하고 알기 쉽게 안내를 해 주었습니다. 통역사와 계속 동행하고 있었기 때문에 안심하고 시술을 받을 수 있었습니다. 복부 컷 주사를 맞기로 결정한 것은 2 부위, 아랫배와 러브 핸들입니다. 수술이 아니라 시술이기 때문에 멍이 거의 없고 붓기도 당일 몇 시간 뿐이었습니다. 사진은 첨부할 수 없지만, 이전과 비교하면 허리 라인이 깔끔한 것을 알 수 있습니다. 시술 후 한 달이 지나도 아직 변화가 있다고 하니 완성이 기대됩니다."
유라인의원,Owen12,2025.03.14,"직원들, 통역관들, 의사들 모두 친절했다. V-Cut과 Titanium Lifting의 결합이 더 효과적이고 오래 유지된다는 평가를 읽고 티타늄 컷을 주사하기로 했다. 한국에서 중요한 행사를 앞두고 인기 있는 케어 프로그램이라고 들었는데 바로 리프팅 효과를 볼 수 있어 기쁘다. 탄탄한 얼굴 윤곽을 되찾을 수 있어 흥분되고 앞으로의 변화가 기대된다! 😊"
유라인의원,prosa,2025.03.14,전날은 걱정했는데 막상 가보니 긴장은 안 되더라구요. 유라인 클리닉은 모두가 친절하고 순조롭게 진행되어 안심이 되었습니다. 제가 받은 티타늄 컷 주사는 마취를 하지 않고 시행되는 시술인 만큼 통증이 적었습니다. 직후부터 볼 라인의 늘어짐이 개선되고 있다고 친구가 가르쳐 주었습니다. 받은지 10일 조금 넘었는데 지방도 없어지고 있어요!!
유라인의원,行きつけ,2025.03.14,"이번에도 U-Line을 방문해서 티타늄 커트 주사를 맞고 왔습니다! 자신에게 맞는 시술을 제안해 주셔서 안심하고 맡길 수 있었습니다. 시술 중 원장님께서 통증 유무를 확인하시면서 제 상태를 꼼꼼히 체크해주신 덕분에 안심하고 시술을 받을 수 있었습니다. 뜨거워지는 느낌은 있었지만 참을 수 있는 정도로 통증은 거의 느끼지 않았습니다. 이번 시술도 만족스러우며, 황금연휴를 위해 4월 예약까지 완료했습니다! ^^"
유라인의원,sjakaa,2025.03.14,"정성스럽게 시술 내용과 과정을 설명해 주셔서 안정감이 있었습니다. 튠 페이스까지 받았는데 리프팅을 먼저 하고 그다음에 V컷 주사를 맞았어요. 스태프분들이 편안하게 잘 챙겨주셨어요. 튠앤컷의 가격도 합리적이고, 기대했던 만큼의 변화도 느낄 수 있었습니다."
유라인의원,アニメ動画,2025.03.14,"자연스러운 효과를 기대할 수 있을 것 같아 기대됩니다. 날이 갈수록 페이스라인이 탄탄해지고 있어요! U-Line 클리닉은 역에서 가까워 이동이 편리했고, 직원분들이 친절하게 응대해 주셔서 티타늄 커트 주사 시술 중에도 시종일관 편안하게 쉴 수 있었습니다. 처음으로 내원을 하게 되었지만, 매우 만족스러운 경험을 한 것입니다. 친절하게 상담해주시고 안내해주셔서 정말 감사드립니다!"
유라인의원,zkisa,2025.03.14,튠앤컷바디를 받은 결과 충분히 받을만한 시술이라고 생각했습니다. 호텔에 돌아온 후에도 통증도 없었기 때문에 그대로 쇼핑을 하러 갔습니다. 다음날 아침에는 붓기도 모두 없어지고 일상 생활에 전혀 영향이 없었기 때문에 좋았습니다. 효과를 느낄 수 있을 정도로 허벅지 라인이 정리되어 좋아요. 유라인에 다시 가고 싶어요.
유라인의원,락큐바디,2025.03.13,얼굴이 넘 빵빵해보이고 이중턱도 심해서 유라인에서 브이컷주사 마자봐땅 히힣ㅎㅎ 1인실에서 맞을 수 있어서 시선 신경 쓰이지도 않고 위생도 철저하게 관리한거 같아서 조아씀 ㅎㅎ 효과도 짱짱이어서 여기서 맞길 잘한 듯 힣 이거 하나면 여름맞이 끝인듯
유라인의원,푸리비숑한,2025.03.13,얼굴 탄력이 떨어지니까 살 처져있는게 넘넘 잘 보이더라구요ㅠㅠ 이대로 두면 더 빨리 늙는거 같아 관리하려고 어플로 열심히 알아봤었어요 이것저것 알아보는데 아무래도 페이스 전담 원장님 있는 곳이 좋을 거 같아 유라인에서 튠앤컷 하는걸로 맘 먹었고 시술 하고나서 보니까 튠페이스 리프팅만 하는거 말고 윤곽주사도 같이할수있는 튠앤컷으로 하길 잘한 거 같아요ㅠㅜㅠ 시간 지날수록 탱탱해지고 주변에서 다들 뭐한거냐고 물어보는거 보면 다른 사람들 눈에도 효과가 좋나봐요
유라인의원,barw1,2025.03.13,"통증도 부작용도 전혀 없이 허벅지 커트 주사 시술 후 평소와 같은 생활을 할 수 있었습니다! 처음에는 변화가 없다고 생각했지만, 1주일 2주일이 지나면서 바지에 조금씩 여유가 생긴 것을 느끼고 라인이 변화한 것도 눈에 띄었습니다. 추가 시술을 받기 위해 황금연휴 기간에 예약해 두었습니다!"
유라인의원,현지긩,2025.03.13,"ㅋㅋㅋㅋㅋㅋㅋㅋ내가 다니는 필라테스쌤이 유라인 팔뚝컷주사 추천해쥼,, 팔뚝라인은 운동으로 다지려면 오래걸리고 오히려 더 두꺼워보일수도 있다고 운동강사들도 유라인 많이 다닌다고 함,, 신선한 충격이었는데 맞아보니 유명한 이유는 알겠,,"
유라인의원,보통사람둘,2025.03.13,허틈 만들고 싶은 사람들 유라인에서 허벅지컷주사 맞으면 댐^^ 허벅지 붙고 안붙고의 차이는 청바지입으면 확차이남......몸매 자체가 훨 이뻐보임 ㅠ
유라인의원,쪼은５,2025.03.13,솔찌 뱃살빼는게 젤 힘든거같긔... 사진찍으면 배 부분만 보정 엄청 하는데 보정 하다 현타와서 유라인 복부컷주사 결제갈김 ㅋㅋㅋ 일단 병원 인테리어 엄청 깔끔하고 다들 친절함 효과는 다 받아보고 후기 남길겡
유라인의원,올로긔볼로긔,2025.03.13,종아리컷주사하고 하체 울퉁불퉁해보이던거 라인 완전 매끈하고 이쁘게 잘 빠졌음 추천햐! 지방분해주사 종아리보톡스 알아보는 언니들은 상담이라도 해봐봐ㅠㅠ
유라인의원,불햡리,2025.03.13,나도 가녀린 팔로 나시 입어보는게 소원이였는데 팔뚝컷주사 덕분에 올 여름에는 나시 입기 쌉가능일듯?ㅋㅋ
유라인의원,Wjsdjssml,2025.03.13,브이컷주사 닉값 지대로~~ 넙데데해보이는 얼굴형에서 브이라인으로 탈바꿈함
유라인의원,민횰３,2025.03.13,브이컷주사 받기전까진 심부볼 쳐진살 팔자까지... 거울 볼때마다 스트레스 받았었는데ㅜ휴 예전에 비하면 지금 얼굴라인 용됨 내 추구미 카리나인데 얼굴형 쬐끔 비슷하게 된듯^^ 윤곽주사는 걍 진짜 아묻따 브이컷주사 ㄱㄱㄱ....
유라인의원,허만일만,2025.03.13,슬슬 플필 업데이트 하고싶어서 유라인클리닉에서 브이컷주사 시술 받았어욤 요런 사진 찍을일 있을때 얼굴형만 정리해줘도 진짜 많이 차이나거덩요..ㅋㅋㅋㅋㅋ
